OBJECTID,Name of Facility,Location Street,Location City,Location State,ZIP Code,Facility #,Admin Name & Phone,Facility Email,Fac. Cont. Email,License / Expiration,County / Ownership Type,Mailing Address,Mailing City,Mailing State,Mailing ZIP,Licensee,x,y
10773,ACTIVE DAY OF LOW COUNTRY,104 SPRINGHALL DR,GOOSE CREEK,SC,29445-5335,843-553-1805,"SCHMUTZ, KRISTEN PH#: 843-553-1805",CONTRACTS@ACTIVEDAY.COM,,ADC-0195 / 02/28/2026,Berkeley / Corporation,6 NESHAMINY INTERPLEX DR STE 401,FEASTERVILLE TREVOSE,PA,19053,ACSR INC,588507.928,3652902.082
10786,WHITE ROCK DAY HEALTH CENTER,109 HUMMINGBIRD CT,CHAPIN,SC,29036,803-732-6670,"BURNETTE, ALI PH#: 803-732-6670",ALISON.BURNETTE2@PRISMAHEALTH.ORG,,ADC-0140 / 02/28/2026,Richland / Limited Liability,109 WARTBURG ST,WHITE ROCK,SC,29177,PRISMA HEALTH-MIDLANDS,474559.719,3778031.715
10787,ACTIVE DAY OF LIBERTY,315 W FRONT ST,LIBERTY,SC,29657-1011,864-843-6905,"WRIGHT, SHERRY PH#: 761-6397",LIBERTY@ACTIVEDAY.COM,,ADC-0124 / 10/31/2026,Pickens / Corporation,6 NESHAMINY INTERPLEX STE 401,FEASTERVILLE TREVOSE,PA,19053-6964,ACTIVE SC TWO INC,344702.803,3850505.518
10788,ACTIVE DAY OF GRAND STRAND,3880 HOUNDSFIELD AVE,MYRTLE BEACH,SC,29577-5792,843-626-8501,"SCHWENINGER, LINDSAY PH#: 309-738-0793",SCADMIN@ACTIVEDAY.COM,LSCHWENINGER@ACTIVEDAY.COM,ADC-0129 / 10/31/2026,Horry / Corporation,6 NESHAMINY INTERPLEX STE 401,TREVOSE,PA,19053-6964,ACTIVE SC ONE INC,697662.14,3733971.825
10789,ACTIVE DAY OF CHARLESTON,1954 ASHLEY RIVER RD STE K,CHARLESTON,SC,29407,843-762-5291,"EVENSON, NICHOLAS PH#: 843-762-5291",CONTRACTS@ACTIVEDAY.COM,,ADC-0130 / 10/31/2026,Charleston / Corporation,6 NESHAMINY INTERPLEX STE 401,FEASTERVILLE TREVOSE,PA,19053-6964,ACTIVE SC ONE INC,591558.703,3630419.372
10790,SAINT PAUL BAPTIST CHURCH ADULT DAY CARE,248 E LAUREL ST,MULLINS,SC,29574-3219,843-464-9829,"OWENS NEAL, LINDA PH#: 843-464-9829",BAPT3016@BELLSOUTH.NET,,ADC-0164 / 04/30/2026,Marion / Non-Profit Corporation,PO BOX 533,MULLINS,SC,29574-0533,SAINT PAUL BAPTIST CHURCH INC,661262.965,3786202.1
10791,ACTIVE DAY OF WINNSBORO,219 N CONGRESS ST,WINNSBORO,SC,29180-1120,803-712-6820,"CLARK, KIMYA PH#: 803-712-6820",CONTRACTS@ACTIVEDAY.COM,WINNSOBORO@ACTIVEDAY.COM,ADC-0177 / 12/31/2025,Fairfield / Corporation,6 NESHAMINY INTERPLEX 401,FEASTERVILLE TREVOSE,PA,19053,ACSR INC,491848.299,3804782.827
10792,ACTIVE DAY OF GREENVILLE,21 MCBETH ST,GREENVILLE,SC,29611-3548,864-271-4211,"NEHODA, MATTHEW PH#: 215-642-6600",SCADMIN@ACTIVEDAY.COM,CONTRACTS@ACTIVEDAY.COM,ADC-0236 / 03/31/2026,Greenville / Corporation,6 NESHAMINY INTERPLEX STE 401,FEASTERVILLE TREVOSE,PA,19053,ACSR INC,369480.271,3859349.963
10793,MARKETPLACE CINEMA ADULT DAY CARE,3420 CLEMSON BLVD UNIT 17,ANDERSON,SC,29621-1324,864-225-3370,"MARTIN, THERESA PH#: 864-225-3370",DWRIGHT@SENIORSOLUTIONS-SC.ORG,,ADC-0246 / 01/31/2026,Anderson / Non-Profit Corporation,3420 CLEMSON BLVD STE 17,ANDERSON,SC,29621-1324,SENIOR SOLUTIONS,346732.734,3824351.353
10794,FLINT HILL COMMUNITY ADULT DAY CARE CENTER,371 LIGE ST,ROCK HILL,SC,29730-5634,803-327-2044,"WRIGHT, NAKIAYA PH#: ",FLINTHILLADC@COMPORIUM.NET,,ADC-0182 / 07/31/2026,York / Non-Profit Corporation,PO BOX 12314,ROCK HILL,SC,29731-2314,FLINT HILL COMMUNITY ADULT DAY CARE CENTER,496420.438,3863158.177
10795,MARION COUNTY ADULT DAY CARE,506 S MAIN ST,MARION,SC,29571-4304,843-423-6220,"BETHEA, MARGARET PH#: 843-423-6220",JAMESWOODS1@ATT.NET,MARIONCOUNTYADULTDAYCARE@GMAIL.COM,ADC-0112 / 04/30/2026,Marion / Corporation,PO BOX 331,CAMDEN,SC,29021-0331,HUDSON INC,647389.835,3782549.088
10796,SENIOR SOLUTIONS-OCONEE ADULT DAY CARE,101 PERRY AVE,SENECA,SC,29678-3565,864-885-1000,"POETZ, EMILY PH#: 864-885-1000",DWRIGHT@SENIORSOLUTIONS-SC.ORG,,ADC-0046 / 01/31/2026,Oconee / Non-Profit Corporation,101 PERRY AVE,SENECA,SC,29678-3565,SENIOR SOLUTIONS,321904.242,3839694.623
10797,SC EPISCOPAL HOME AT STILL HOPES ADULT DAY CARE,1 STILL HOPES DR,WEST COLUMBIA,SC,29169-7164,803-796-6490,"ROBERTSON, NIKKI W. PH#: 803-739-5043",NROBERTSON@STILLHOPES.ORG,NROBERTSON@STILLHOPES.ORG,ADC-0063 / 07/31/2026,Lexington / Corporation,PO BOX 2959,WEST COLUMBIA,SC,29171-2959,SOUTH CAROLINA EPISCOPAL HOME AT STILL HOPES INC,494267.549,3760572.775
10798,LAUREL DAY HEALTH CENTER,1308 LAUREL ST,COLUMBIA,SC,29201-2514,803-931-8166,"SHEA, JAMIE PH#: 803-931-8166",ALISON.BURNETTE2@PRISMAHEALTH.ORG,JAMIE.SHEA@PRISMAHEALTH.ORG,ADC-0137 / 02/28/2026,Richland / Limited Liability,1308 LAUREL ST,COLUMBIA,SC,29201-2514,PRISMA HEALTH-MIDLANDS,496774.228,3763232.316
10799,NEWBERRY COUNTY COUNCIL ON AGING ADULT DAY HEALTH CARE,1300 HUNT ST,NEWBERRY,SC,29108-3082,803-276-8266,"BALLENTINE, JANET PH#: 803-276-8266",LYNN@NCCOA.ORG,JANET@NCCOA.ORG,ADC-0073 / 10/31/2026,Newberry / Non-Profit Corporation,1300 HUNT ST,NEWBERRY,SC,29108-3082,NEWBERRY COUNTY COUNCIL ON AGING,444170.452,3793749.632
10800,ALON-JAY ADULT DAY CARE,567 PATTERSON ST,ALLENDALE,SC,29810-6027,803-584-1333,"ISHAM, GERALD PH#: 770-313-3377",ALONJAYADC@GMAIL.COM,GERALD.A.ISHAM@GMAIL.COM,ADC-0191 / 01/31/2026,Allendale / Partnership,PO BOX 428,FAIRFAX,SC,29827,MR & MRS EDDIE D ISHAM,472486.906,3651681.826
10801,ACTIVE DAY OF GREER,736 S LINE ST EXT,GREER,SC,29651-4027,864-848-3003,"MOORE, WENDY PH#: 864-848-3003",SCADMIN@ACTIVEDAY.COM,WMOORE@ACTIVEDAY.COM,ADC-0125 / 10/31/2026,Greenville / Corporation,6 NESHAMINY INTERPLEX STE 401,FEASTERVILLE TREVOSE,PA,19053-6964,ACTIVE SC TWO INC,388190.94,3865444.202
10802,BELMONT LUXURY ADULT DAY CARE,1706 CAMDEN RD,HOLLY HILL,SC,29059-8937,803-496-1076,"BRYANT, DAISHA PH#: 803-971-1620",JAZZ1967@EMBARQMAIL.COM,BYRANTDAISHA@YAHOO.COM,ADC-0205 / 07/31/2026,Orangeburg / Limited Liability,1706 CAMDEN RD,HOLLY HILL,SC,29059-8937,TOTAL COMFORT ADULT DAY CARE LLC,553633.282,3693810.921
10803,HOPEWELL SENIOR DAY CARE CENTER,50 HOPEWELL DR,SALTERS,SC,29590-3439,843-387-1204,"EVANS, DOTTIE M. PH#: 843-387-1204",HOPEJ@FTC-I.NET,HOPEJ@FTC-I.NET,ADC-0206 / 08/31/2026,Williamsburg / Corporation,1277 BLAKELY RD,SALTERS,SC,29590-3439,HOPEWELL SENIOR DAY CARE INC,614717.469,3708038.557
10804,SANTEE ADULT DAYCARE,1580 BASS DR,SANTEE,SC,29142,803-854-2401,"SEABROOKS, MELVIN PH#: 803-854-2401",SANTEEADULTCARE@YAHOO.COM,SANTEEADULTCARE@YAHOO.COM,ADC-0269 / 03/31/2026,Orangeburg / Ltd. Liability,PO BOX 947,SANTEE,SC,29142-0947,SANTEE ADULT DAY CARE LLC,547727.98,3704155.12
10806,RUTH LOUIS ADULT HEALTH DAY CARE,1349 SEABOARD RD,ANDREWS,SC,29510-5628,843-221-5848,"NESMITH, PEARL PH#: 843-221-5848",RUTHLOUISADC@FTC-I.NET,RUTHLOUISADC@FTC-I.NET,ADC-0226 / 05/31/2026,Williamsburg / Non-Profit Corporation,1349 SEABOARD RD,ANDREWS,SC,29510-5628,RUTH LOUIS ADULT HEALTH DAY CARE INC,626644.47,3703795.866
10807,ACTIVE DAY OF SUMTER,930 OSWEGO RD,SUMTER,SC,29153-8733,803-775-4281,"JEFFERSON, TYRA PH#: 803-775-4281",SCADMIN@ACTIVEDAY.COM,SUMTER@ACTIVEDAY.COM,ADC-0144 / 05/31/2026,Sumter / Corporation,6 NESHAMINY INTERPLEX DR STE 401,FEASTERVILLE TREVOSE,PA,19053,ACSR INC,562989.258,3755582.206
10808,DILLON ADULT DAY CARE,106 W WASHINGTON ST,DILLON,SC,29536,843-487-5040, PH#: ,MEISHADILLON@AOL.COM,,ADC-0230 / 10/31/2026,Dillon / Limited Liability,,,,,DILLON ADULT DAY CARE LLC,649669.815,3809983.657
10810,HORIZON ADULT DAY CARE,3420 CLEMSON BLVD STE 17,ANDERSON,SC,29621-1324,864-225-3370, PH#: ,DFABIAN@SENIORSOLUTIONS-SC.ORG,,ADC-0248 / 10/31/2026,Anderson / Non-Profit Corporation,3420 CLEMSON BLVD STE 17,ANDERSON,SC,29621-1324,SENIOR SOLUTIONS,346732.734,3824351.353
10811,BETHEL SENIOR DAY CARE CENTER,218 W DR LM ROSEMOND LN,GAFFNEY,SC,29340-3144,864-489-7552,"SANDERS, JAMES W., JR. PH#: 864-489-7552",DRSANDERS1@CHARTER.NET,JWSJR16@IWON.COM,ADC-0153 / 11/30/2025,Cherokee / Corporation,PO BOX 44,GAFFNEY,SC,29342-0044,BETHEL SENIOR DAY CARE CENTER INC,441090.106,3881292.842
10812,RUTH LOUIS ADULT HEALTH DAY CARE #2,111 E MILL ST,KINGSTREE,SC,29556-3427,843-355-2333,"NESMITH, PEARL PH#: 843-221-5848",RUTHLOUISADC@FTC-I.NET,RUTHLOUISADC@FTC-I.NET,ADC-0250 / 12/31/2025,Williamsburg / Non-Profit Corporation,111 E MILL ST,KINGSTREE,SC,29556-3427,RUTH LOUIS ADULT HEALTH DAY CARE INC,608462.503,3725676.224
10813,AGING GRACEFULLY SENIOR CARE/GRACEFUL EMBRACE DEVELOPMENTAL DAY PROGRAM,4003 LADSON RD,LADSON,SC,29456-4936,843-873-5121,"MCKENZIE, ANGELA I. PH#: 843-873-5121",ANGELAMCKENZIE2018@GMAIL.COM,ANGELAMCKENZIE2018@GMAIL.COM,ADC-0249 / 12/31/2025,Dorchester / Limited Liability,4003 LADSON RD,LADSON,SC,29456-4936,AGING GRACEFULLY SENIOR CARE SERVICES LLC,580138.73,3648334.994
10814,BRANCO ADULT DAYCARE CENTER,248 COMMERCE ST,MANNING,SC,29102-2637,803-435-9780,"WITHERSPOON, ANGELA D. PH#: 803-435-9780",BRANCOAW@YAHOO.COM,BRANACOAW@YAHOO.COM,ADC-0253 / 04/30/2026,Clarendon / Ltd. Liability,238 COMMERCE ST,MANNING,SC,29102-2637,BRANCO ADULT DAYCARE CENTER LLC,571709.041,3728431.927
10815,OMNIPRESENT ADULT DAY CARE,696 DAVIS ST,LAMAR,SC,29069-9132,843-326-5042,"WRIGHT, JACQUELINE PH#: 843-326-5042",JDWRIGHT7@BELLSOUTH.NET,JDWRIGHT7@BELLSOUTH.NET,ADC-0256 / 06/30/2026,Darlington / Corporation,PO BOX 1064,LAMAR,SC,29069-1064,WES CORPORATION INC,583674.17,3779628.529
10816,ADULT ENRICHMENT CENTERS OF YORK,3 S PACIFIC AVE,YORK,SC,29745-1607,803-684-1361,"KRIEGSHAUSER, SAMANTHA PH#: 803-327-7448",CASSANDRA@AECENTERS.ORG,SAMANTHAK@AECENTERS.ORG,ADC-0260 / 12/31/2025,York / Corporation,359 PARK AVE,ROCK HILL,SC,29730-4025,YORK COUNTY ADULT DAY CARE SERVICES INC,479755.869,3871798.604
10817,CHAPPELL ADULT CARE LLC,4340 JACKSON CREEK RD,WINNSBORO,SC,29180-7800,803-712-0146,"CHAPPELL, MALISSA PH#: 803-712-0146",CHAPPELLDAYCARE@GMAIL.COM,CHAPPELLDAYCARE@GMAIL.COM,ADC-0261 / 12/31/2026,Fairfield / Limited Liability,4340 JACKSON CREEK RD,WINNSBORO,SC,29180-7800,CHAPPELL ADULT CARE LLC,483909.322,3798076.801
10818,GINGER'S ADULT DAY CARE,401 W MARTINTOWN RD STE 201,NORTH AUGUSTA,SC,29841-6130,803-279-7822,"SIMPKINS, ALVERNEQ H. PH#: 803-279-7822",HATTAE25@HOTMAIL.COM,HATTAE25@HOTMAIL.COM,ADC-0273 / 06/30/2026,Aiken / Ltd. Liability,401 W MARTINTOWN RD STE 201,NORTH AUGUSTA,SC,29841-6130,GINGER'S ADULT DAY CARE LLC,409895.089,3708128.476
10819,PRECIOUS ADULT CARE,121 FAGAN RD,WINNSBORO,SC,29180-9584,803-635-3755,"BATES, SHARON J. PH#: 803-635-3755",PRECIOUSADULTDC@AOL.COM,PRECIOUSADULTDC@AOL.COM,ADC-0173 / 10/31/2026,Fairfield / Corporation,121 FAGAN RD,WINNSBORO,SC,29180-9584,PRECIOUS ADULT DAY CARE INC,492723.426,3802174.737
10823,SHANDON DAY HEALTH CENTER,1100 SHIRLEY ST,COLUMBIA,SC,29203,803-252-1979,"MALATESTA, SARAH PH#: 803-252-1979",ALISON.BURNETTE2@PRISMAHEALTH.ORG,,ADC-0136 / 02/28/2026,Richland / Limited Liability,1100 SHIRLEY ST,COLUMBIA,SC,29205-1370,PRISMA HEALTH-MIDLANDS,500092.369,3762457.847
10827,TRI-COUNTY ADULT DAY HEALTH SERVICES,169 CALVARY RD,CHERAW,SC,29520-7106,843-921-9451,"SCOTT, CAROLYN E. PH#: 843-921-9451",CSCOTT@TRICOUNTYADULT.COM,CSCOTT@TRICOUNTYADULT.COM,ADC-0282 / 01/31/2026,Chesterfield / Corporation,PO BOX 186,CHERAW,SC,29520-0186,TRI-COUNTY ADULT DAY SERVICES INC,598161.874,3839862.474
11603,MAGNOLIA ADULT DAY CENTER,20 S MAGNOLIA ST,SUMTER,SC,29150-5243,803-778-1086,"GREENE, CARL PH#: 803-934-9319",MAGNOLIADAYCENTER@GMAIL.COM,GREENESRESIDENTIALCARE@GMAIL.COM,ADC-0285 / 10/31/2025,Sumter / Limited Liability,142 PERKINS AVE,SUMTER,SC,29150-6829,MAGNOLIA ADULT DAY CENTER LLC,561208.515,3753349.34
11604,DENT ALTERNATIVE ADULT DAY CARE HEALTH CENTER,7351 PARKLANE RD,COLUMBIA,SC,29223-7651,803-708-8955, PH#: ,BERTHADENT55@YAHOO.COM,,ADC-0284 / 10/31/2026,Richland / Partnership,7351 PARKLANE RD,COLUMBIA,SC,29223-7651,BERTHA H DENT AND ERIC R DENT,503753.109,3770176.914
11609,SEA ISLAND ADULT DAY CENTER,3627 MAYBANK HWY,JOHNS ISLAND,SC,29455-4825,843-559-9901,"BURTON, LEON L. PH#: 843-559-9901",LEON@SICHCC.ORG,LEON@SICHCC.ORG,ADC-0286 / 11/30/2026,Charleston / Non-Profit Corporation,3627 MAYBANK HWY,JOHNS ISLAND,SC,29455-4825,SEA ISLAND COMPREHENSIVE HEALTH CARE CORPORATION,586008.215,3620430.51
11612,MEMORY MATTERS,117 WILLIAM HILTON PKWY STE A,HILTON HEAD ISLAND,SC,29926-5207,843-842-6688,"HORNER, JILL PH#: 843-842-6688",INFO@MYMEMORYMATTERS.ORG,,ADC-0291 / 12/31/2025,Beaufort / Charitable,PO BOX 22330,HILTON HEAD ISLAND,SC,29925-2330,MEMORY MATTERS,522955.95,3564584.287
11634,ADULT DAYCARE 41,1572 HWY 41,MOUNT PLEASANT,SC,29466,843-856-4203,"HABERSHAM, CAROLINE C. PH#: 843-856-4203",ADULTDAYCARE41@ATT.NET,ADULTDAYCARE41@ATT.NET,ADC-0301 / 03/31/2026,Charleston / Limited Liability,1572 HWY 41,MOUNT PLEASANT,SC,29466,ADULT DAY CARE 41 LLC,611455.292,3638601.634
11666,CANAAN LAND COMMUNITY DEVELOPMENT CENTER,428 AMERICAN LEGION RD,MARION,SC,29571,843-430-0495,"MCKELVY, DESSIE B. PH#: 843-430-0495",MCKELVYJ7@AOL.COM,MCKELVYJ7@AOL.COM,ADC-0330 / 10/31/2026,Marion / Corporation,,,,,CANAAN LAND COMMUNITY DEVELOPMENT CENTER INC,650576.841,3782877.705
11711,H ALTON BOYD SENIOR CENTER,484 NELSON BLVD,KINGSTREE,SC,29556-4025,843-372-5104,"MITCHELL, VICKIE B. PH#: 843-355-2420",VICKIEMITCHELL55@YAHOO.COM,,ADC-0299 / 01/31/2026,Williamsburg / Limited Liability,484 NELSON BLVD,KINGSTREE,SC,29556-4025,H ALTON BOYD SENIOR CENTER LLC,609283.82,3725043.38
11813,DAILY LIVING LLC,1307 N LONGSTREET ST,KINGSTREE,SC,29556-2739,843-401-4295,"WILLIAMS, DOMONIQUE PH#: 843-206-9042",DAILYLIVINGLLC@YAHOO.COM,DAILYLIVINGLLC@YAHOO.COM,ADC-0325 / 09/30/2026,Williamsburg / Limited Liability,,,,,DAILY LIVING ADC LLC,608494.263,3727340.545
11820,ANGELIC ADULT DAY CARE,140 4TH AVE,GAFFNEY,SC,29340,864-489-1288,"SMTIH, CATRINA PH#: 864-489-1288",CATRINASP@GMAIL.COM,,ADC-0309 / 03/31/2026,Cherokee / Limited Liability,140 4TH AVE,GAFFNEY,SC,29341,ANGELIC SERVICES INC,442147.588,3882626.045
12098,CAPITAL HEALTH SERVICE ADULT DAYCARE,526 S MAIN ST,SIMPSONVILLE,SC,29681-3220,864-228-3604,"HEWINS, MONICA PH#: 864-228-3604",CAPITALHS@YMAIL.COM,CAPITALHS@YMAIL.COM,ADC-0400 / 11/30/2026,Greenville / Limited Liability,526 S MAIN ST,SIMPSONVILLE,SC,29681-3220,CAPITAL HEALTH SERVICE LLC,385053.239,3843224.096
12100,MOTHER DEVEAUX ADULT DAY CARE,528 MAIN ST,EASTOVER,SC,29044-9701,803-353-8475,"DEVEAUX, CASSANDRA PH#: 803-353-8475",CDEVEAUX@MDADC.ORG,CDEVEAUX@MDADC.ORG,ADC-0401 / 07/31/2026,Richland / Corporation,528 MAIN ST,EASTOVER,SC,29044-9701,MOTHER DEVEAUX ADULT DAY CARE,528142.279,3748597.078
12115,ELITE DAY CENTER OF SPARTANBURG,2000 BUD ARTHUR BRIDGE RD,SPARTANBURG,SC,29307-4417,864-869-8730,"PAINTER, GWENDOLYN P. PH#: 864-529-9849",CARLA.WHITE@ELITEHOMECARESC.COM,ADMINISTRATOR.SPARTANBURG@ELITEHOMECARE,ADC-0406 / 05/31/2026,Spartanburg / Limited Liability,2000 BUD ARTHUR BRIDGE RD,SPARTANBURG,SC,29307-4417,ELITE HOMECARE,421462.234,3874844.589
12228,ACTIVE DAY OF BOILING SPRINGS,230 GILES DR,BOILING SPRINGS,SC,29316-6036,864-599-7342,"MIMS, ANDREA PH#: 864-599-7342",SCADMIN@ACTIVEDAY.COM,,ADC-0413 / 10/31/2026,Spartanburg / Corporation,,,,,ACTIVE SC ONE INC,410777.886,3877644.383
12310,CENTRAL MIDLANDS ADULT DAY CENTER,500 MILLER RD,SUMTER,SC,29150-3332,803-436-2800,"WEBB-PRINCE, CAROLYN PH#: 843-436-2800",CENTRALMIDLANDSADC12@YAHOO.COM,CAROLYNWEBBPRINCE@YAHOO.COM,ADC-0424 / 10/31/2026,Sumter / Limited Liability,500 MILLER RD,SUMTER,SC,29150-3332,CENTRAL MIDLANDS ADULT DAY CENTER LLC,558626.187,3755136.491
12343,TRIPLE E ADULT DAY CARE #3,286 WATER ST,ALLENDALE,SC,29810-3512,803-584-5989,"GRANT, ARETHA PH#: 803-584-5989",LCREECH16@GMAIL.COM,LCREECH16@GMAIL.COM,ADC-0430 / 07/31/2026,Allendale / Sole Proprietorship,,,,,"CREECH, LAUREN",470829.016,3652349.262
12357,PRISMA HEALTH SENIORCARE PACE - UPSTATE,32 CENTENNIAL WAY,GREENVILLE,SC,29605-4628,864-522-1964,"ABERCROMBIE, ASHLEY, RN. PH#: 864-552-1964",ASHLEY.ABERCROMBIE3@PRISMAHEALTH.ORG,,ADC-0431 / 08/31/2026,Greenville / Corporation,300 E MCBEE AVE STE 402,GREENVILLE,SC,29601-2890,PRISMA HEALTH - UPSTATE,370436.856,3853127.401
12364,SERENITY DAY PROGRAM,448 N MAIN ST,SUMTER,SC,29150,803-938-5837,"GREENE, SHIRLEY H. PH#: 803-934-6036",SERENITYDAYPROGRAM@GMAIL.COM,SERENITYDAYPROGRAM@GMAIL.COM,ADC-0433 / 08/31/2026,Sumter / Limited Liability,142 PERKINS AVENUE,SUMTER,SC,29150,SERENITY DAY PROGRAM LLC,560787.665,3754559.511
12394,ELITE DAY CENTER OF GREENVILLE,211 VILLAGE DR,GREER,SC,29651-1238,864-256-3422,"MOREHOUSE, BRIGITTE PH#: 864-256-3422",ADMINISTRATOR.GREER@ELITEHOMECARESC.COM,,ADC-0437 / 07/31/2026,Greenville / Limited Liability,,,,,ELITE HOMECARE LLC,387279.234,3868431.083
12419,PALMETTO OAKS ADULT DAY HEALTH CENTER,6074 SAINT ANDREWS RD,COLUMBIA,SC,29212,803-881-0068,"STUBBS, DOREEN PH#: 803-881-0068",MSWYGERT@PALMETTOOAKSADHC.COM,DSTUBBS@PALMETTOOAKSADHC.COM,ADC-0440 / 03/31/2026,Richland / Limited Liability,,,,,PALMETTO OAKS ADULT DAY HEALTH CENTER LLC,485333.989,3768175.739
12430,ALICE'S CLUBHOUSE MT P,1156 BOWMAN ROAD #105,MOUNT PLEASANT,SC,29464,843-452-7791,"WESTERMAN, LISA PH#: 843-452-7791",DAVRUTICK@GMAIL.COM,,ADC-0441 / 03/31/2026,Charleston / ,28 GIBBES ST,CHARLESTON,SC,29401,ALICE'S CLUBHOUSE MT P LLC,607599.889,3630781.273
12441,3 GENERATIONS ADULT DAY CARE,4214 HARDSCRABBLE RD,COLUMBIA,SC,29223-8559,803-546-9942,"MCCLELLAN, MARY MILLER PH#: 803-546-9942",LADYMM1@BELLSOUTH.NET,LADYMM1@BELLSOUTH.NET,ADC-0443 / 03/31/2026,Richland / Limited Liability,,,,,3 GENEREATIONS ADULT DAY CARE LLC,507841.493,3777364.059
12457,ELITE DAY CENTER OF LAURENS,311 N HARPER ST,LAURENS,SC,29360,864-869-8730,"LOLLIS, ASHLEY PH#: 864-416-4909",CARLA.WHITE@ELITEHOMECARESC.COM,ADMINISTRATOR.LAURENS@ELITEHOMECARE,ADC-0445 / 08/31/2026,Laurens / Limited Liability,,,,,ELITE HOMECARE LLC,406987.358,3818138.613
12528,TROY-JOHNSON INTERGENERATIONAL DAYCARE,106 GAPWAY ST,MULLINS,SC,29574-3010,843-464-8565,"TROY-JOHNSON, JACQUELYN PH#: 843-464-8565",JTROYJOHNS@AOL.COM,JTROYJOHNS@AOL.COM,ADC-0451 / 05/31/2026,Marion / Corporation,,,,,TROY-JOHNSON INTERGENERATIONAL DAYCARE INC,660392.825,3786166.984
12635,WRIGHT PLACE,3800 COVENANT RD,COLUMBIA,SC,29204,864-384-8573,"WRIGHT, MICHAEL, JR. PH#: ",ADMIN@TWPLACE.COM,,ADC-0459 / 02/28/2026,Richland / Limited Liability,,,,,THE WRIGHT PLACE LLC,501808.213,3765797.472
12637,2ND INNING DAYCARE,100 BUSINESS PKWY A-C,PIEDMONT,SC,29673,864-558-1030,"PATEL, BRIJESH PH#: 848-209-6868",SECONDINNING29673@GMAIL.COM,2NDINNINGDAYCARE@GMAIL.COM,ADC-0460 / 06/30/2026,Anderson / Limited Liability,,,,,OM HARI LLC,365287.807,3850236.508
12684,DAILY LIVING ADC OF FLORENCE LLC,500 PAMPLICO HWY STE F,FLORENCE,SC,29505,843-799-5868,"WILLIAMS, DOMONIQUE PH#: 843-206-9042",DAILYLIVINGLLC@YAHOO.COM,DAILYLIVINGLLC@YAHOO.COM,ADC-0463 / 06/30/2026,Florence / Limited Liability,,,,,DAILY LIVING ADC OF FLORENCE LLC,614351.857,3780809.519
12750,CLUB HORIZONS OF CHARLESTON,8088 RIVERS AVE,NORTH CHARLESTON,SC,29406-9235,843-992-0955,"WEEKS, BRANDY PH#: 843-992-0955",CONTRACTS@ACTIVEDAY.COM,,ADC-0454 / 02/28/2026,Charleston / Corporation,,,,,ACTIVE SC ONE INC,589546.212,3646658.73
12806,ELITE DAY CENTER OF PICKENS,317 SUMMIT DR,LIBERTY,SC,29657,864-869-8730,"SMITH, HEATHER PH#: 803-499-7815",ADMINISTRATOR.PICKENS@ELITEHOMECARESC.CO,,ADC-0466 / 03/31/2026,Pickens / Limited Liability,,,,,ELITE HOMECARE LLC,343645.483,3850830.228
12810,LAKE CITY COMMUNITY CARE CENTER,817 W MAIN ST,LAKE CITY,SC,29560-4401,843-374-2198,"MYERS, ALEXANDRA PH#: 843-374-2198",LAKECITY3C@OUTLOOK.COM,LAKECITY3C@OUTLOOK.COM,ADC-0467 / 03/31/2026,Florence / Corporation,,,,,MELVA'S DAYCARE INC,612921.768,3749850.01
12841,NEW HOPE ADULT DAY SERVICES,1214 NEW HOPE RD,ANDERSON,SC,29625-5460,864-328-3111,"SIMS, LARRY V., JR. PH#: 864-245-8864",L.SIMS13@YAHOO.COM,L.SIMS13@YAHOO.COM,ADC-0474 / 09/30/2026,Anderson / ,,,,,NEW HOPE ADULT DAY SERVICES LLC,339744.06,3820076.327
12874,ALL ABOUT OUR SENIORS,1306 W POINSETT ST,GREER,SC,29650,864-469-7192,"DENHAM, ERICA PH#: 000-000-0000",ALLABOUTOURSENIORSDAYCENTER@GMAIL.COM,,ADC-0477 / 05/31/2026,Greenville / Limited Liability,,,,,ALL ABOUT OUR SENIORS LLC,385746.821,3867411.742
12987,A REMEDY ADULT DAY CENTER,450 PARTNERS LN,ROEBUCK,SC,29376,864-308-8446,"CHALK, MIRANDA PH#: 864-308-8446",MIRANDA@REMEDYHOMECARESC.COM,MIRANDA@REMEDYHOMECARESC.COM,ADC-0481 / 08/31/2026,Spartanburg / Limited Liability,,,,,A REMEDY ADULT DAY CENTER LLC,411657.249,3860735.136
12989,SUNRISE COMMUNITY OF SOUTH CAROLINA ADULT DAY HEALTH CARE,1583 SAVANNAH HWY,CHARLESTON,SC,29407,843-327-2072,"TISSOT, JENNIFER PH#: 843-327-2072",JTISSOT@SUNRISEGROUP.ORG,JTISSOT@SUNRISEGROUP.ORG,ADC-0483 / 01/31/2026,Charleston / Corporation,,,,,SUNRISE COMMUNITY OF SOUTH CAROLINA INC,592741.847,3627832.878
13139,NOLAN ADULT DAY CARE,30 ORCHARD PARK DR UNIT 14,GREENVILLE,SC,29615,864-263-7945, PH#: ,NOLANHOMECARE@YAHOO.COM,,ADC-0487 / 11/30/2026,Greenville / Corporation,,,,,NOLAN ADULT DAY CARE INC,378019.877,3857829.784
13164,NORA S CARING COMPANIONS ADULT DAY CARE CENTER,460 HWY 9 W,BENNETTSVILLE,SC,29512-3111,843-544-3511,"JENKINS, NORA L. PH#: 843-679-7089",NORASCARINGCOMPANIONS@GMAIL.COM,8436797089@CHARTER.NET,ADC-0490 / 12/31/2026,Marlboro / ,,,,,NORA'S CARING COMPANIONS ADULT DAY CARE CENTER LLC,618585.522,3834346.098
13170,ELITE DAY CENTER OF LORIS,3701 MAIN ST,LORIS,SC,29569-2901,843-716-2425,"HORVATH, TRACY PH#: 843-716-2425",ANDREW.MARTIN@ELITEHOMECARESC.COM,DONNAVCOLON@ICLOUD.COM,ADC-0492 / 01/31/2026,Horry / ,,,,,ELITE HOMECARE LLC,694409.549,3770576.139
13171,ELITE DAY CENTER OF CONWAY,3320 4TH AVE STE G,CONWAY,SC,29527,843-488-2273,"JOHNSON, KAREN PH#: 843-488-2273",DONNAVCOLON@ICLOUD.COM,,ADC-0493 / 01/31/2026,Horry / ,,,,,ELITE HOMECARE LLC,677795.922,3743380.655
13185,ELITE DAY CENTER OF GEORGETOWN,2902 HIGHMARKET ST,GEORGETOWN,SC,29440,864-869-8730, PH#: ,ANDREW.MARTIN@ELITEHOMECARESC.COM,,ADC-0494 / 06/30/2026,Georgetown / Limited Liability,,,,,ELITE HOMECARE LLC,657110.126,3695338.486
13226,ACTIVE DAY OF FLORENCE,2111 W JODY RD,FLORENCE,SC,29501-2031,843-629-0103,"JOHNSON, JULIA PH#: 843-629-0103",JJOHNSON@ACTIVEDAY.COM,,ADC-0500 / 04/30/2026,Florence / Corporation,,,,,ACTIVE SC ONE INC,609975.628,3784739.259
13231,ELITE DAY CENTER OF GREENWOOD,615 S MAIN ST,GREENWOOD,SC,29646,864-938-6600,"BOLDING, JENNIFER PH#: 864-938-6600",ANDREW.MARTIN@ELITEHOMECARESC.COM,JBOLDING@UPTOWNSENIOR.COM,ADC-0484 / 05/31/2026,Greenwood / Limited Liability,,,,,ELITE HOMECARE LLC,393164.4,3783545.17
13276,TUCKERS ADULT HEALTH DAY CARE,112 CARN ST,WALTERBORO,SC,29488-3923,843-542-5186, PH#: ,TUCKERSADULTDAYCARE@GMAIL.COM,,ADC-0504 / 11/30/2026,Colleton / Ltd. Liability,,,,,OLANIYAN LLC,531200.373,3640297.687
13289,ELITE DAY CENTER OF COLUMBIA,1325 GARNER LN,COLUMBIA,SC,29210,803-233-4697, PH#: ,ADMINISTRATOR.COLUMBIA@ELITEHOMECARESC.,,ADC-0505 / 07/31/2026,Richland / ,,,,,ELITE HOMECARE LLC,491721.294,3766633.785
13291,ACTIVE DAY OF CAYCE,1111 STATE ST,WEST COLUMBIA,SC,29033,803-796-5192,"ROBERSON, CAROL PH#: 803-796-5192",SCADMIN@ACTIVEDAY.COM,,ADC-0506 / 10/31/2026,Lexington / Corporation,,,,,ACTIVE SC ONE INC,494877.554,3760356.13
13293,HOPEBRIDGE OAKS OF ACTIVE DAY,3532 LEAPHART RD,WEST COLUMBIA,SC,29169,803-791-3256,"CHAVIS, ANGELA PH#: 803-791-3256",SCADMIN@ACTIVEDAY.COM,ANGIE@HOPEBRIDGEATTHEOAKS.COM,ADC-0507 / 10/31/2026,Lexington / Corporation,,,,,ACTIVE SC ONE INC,487647.784,3762591.996
13301,HOPEBRIDGE HOLLIES OF ACTIVE DAY,2708 HEBRON DR,WEST COLUMBIA,SC,29169-3012,803-791-3255,"GREEN, CARLIE PH#: 803-791-3256",SCADMIN@ACTIVEDAY.COM,,ADC-0508 / 10/31/2026,Lexington / Corporation,,,,,ACTIVE SC ONE INC,488447.675,3762727.813
13336,ELITE DAY CENTER OF FLORENCE,2120 ENTERPRISE DR,FLORENCE,SC,29501-1104,843-278-9117,"WHITE, CARLA PH#: 864-641-7834",CARLA.WHITE@ELITEHOMECARESC.COM,,ADC-0509 / 01/31/2027,Florence / Limited Liability,,,,,ELITE HOME CARE LLC,610510.397,3789363.597
13339,ELITE DAY CENTER OF DARLINGTON,212 ASBURY ST,DARLINGTON,SC,29532-1826,864-869-8730,"BURGESS, MARY PH#: 843-389-2050",ADMINISTRATOR.DARLINGTON@ELITEHOMECARESC,,ADC-0510 / 06/30/2026,Darlington / Limited Liability,,,,,ELITE HOMECARE LLC,602326.687,3797745.231
13347,ORANGEBURG SENIOR HELPING CENTER A PACE HEALTHCARE PROGRAM,153 FOUNDERS CT,ORANGEBURG,SC,29118-2087,803-534-1212, PH#: ,ALLIE.KORNEGAY@ORANGEBURGSHCPACE.COM,,ADC-0511 / 03/31/2026,Orangeburg / ,,,,,ORANGEBURG SENIOR HELPING CENTER A PACE HEALTHCARE PROGRAM LLC,513092.985,3709629.395
13560,ACTIVE DAY OF MARION,300 SUPPLY RD,MARION,SC,29571,843-423-6488,"EASON, STACIE PH#: 843-423-6488",MARIONSC@ACTIVEDAY.COM,,ADC-0499 / 04/30/2026,Marion / Corporation,,,,,ACTIVE SC ONE INC,648506.496,3783426.852
13637,KERSHAW COUNTY ADULT DAY CARE CENTER,2204 N BROAD ST,CAMDEN,SC,29020-2443,803-425-9040, PH#: ,RACHUDSON@BELLSOUTH.NET,,ADC-0515 / 08/31/2026,Kershaw / Corporation,,,,,KERSHAW COUNTY ADULT DAY CARE CENTER INC,535956.843,3792253.828
13747,ELITE DAY CENTER OF ANDERSON,2839 S MAIN ST,ANDERSON,SC,29624,864-869-8730,"STANTON, NIKKI PH#: 864-869-8730",CARLA.WHITE@ELITEHOMECARESC.COM,,ADC-0520 / 02/28/2026,Anderson / Limited Liability,,,,,ELITE HOMECARE LLC,348555.347,3816196.235
13786,BOLDAGE PACE,2801 ASHLEY PHOSPHATE RD,NORTH CHARLESTON,SC,29418,854-768-0800,"RUNYON, BOBBI PH#: 712-355-4632",BRUNYON@BOLDAGEPACE.COM,BRUNYON@BOLDAGEHEALTH.COM,ADC-0495 / 02/28/2026,Charleston / Limited Liability Company (single member),,,,,BEACON OF LIFE SC LLC,588358.966,3644199.796
14142,AMELIA STREET ADULT DAYCARE,1591 AMELIA ST,ORANGEBURG,SC,29115-6076,803-737-7606,"LAWRENCE, LEONARD PH#: 803-378-0654",,,ADC-0435 / 09/30/2026,Orangeburg / Limited Liability,,,,,AMELIA STREET ADULT DAYCARE LLC,513060.526,3706158.218
14224,RISE & SHINE ADULT DAY CARE,302 PEARMAN DAIRY RD STE 9A,ANDERSON,SC,29625,864-642-9533,"HUNT, HARRIETT R. PH#: 864-318-0259",RISESHINEADC@GMAIL.COM,,ADC-0461 / 10/31/2026,Anderson / Limited Liability,,,,,RISE & SHINE ADULT DAY CARE LLC,345363.948,3819457.676
14228,ADULT ENRICHMENT CENTERS NORTH FORT MILL,601 SPRINGCREST DR,FORT MILL,SC,29715,803-396-5336,"THOMASSON, AMBER PH#: 803-327-1021",AMBERT@AECENTERS.ORG,,ADC-0521 / 10/31/2026,York / Corporation,,,,,ADULT ENRICHMENT CENTERS INC,503482.537,3875413.267
14229,TOWN SQUARE FORT MILL,368 FORT MILL PKWY STE 106,FORT MILL,SC,29715,803-591-9898,"PISCATELLI, MICHELLE PH#: 803-591-9898",MPISCATELLI@TOWNSQUARE.NET,,ADC-0519 / 10/31/2026,York / Corporation,,,,,INNOVATIVE ADULT DAY CENTERS OF THE CAROLINAS INC,503509.833,3872273.106
14339,ELITE DAY CENTER OF AIKEN,905 E PINE LOG RD,AIKEN,SC,29803,864-869-8730,"VUGRICH, SARAH PH#: 864-869-8730",ADMINISTRATOR.AIKEN@ELITEHOMECARESC.COM,,ADC-0525 / 01/31/2026,Aiken / Limited Liability,,,,,ELITE HOME CARE LLC,435343.231,3710696.907
14721,ADULT DAY ACTIVITIES SAMARITANS,509 S LEWIS ST,PICKENS,SC,29671-0000,864-351-3851,"BAUGHER, KATHERINE PH#: 864-842-2327",LGRAY@SAMARITANSCARE.COM,,ADC-0472 / 04/30/2026,Pickens / ,,,,,ADULT DAY ACTIVITIES SAMARITANS LLC,344348.156,3861002.513
14723,ACTIVE DAY OF LANCASTER,403 W MEETING ST,LANCASTER,SC,29720-2321,803-416-8000,"GOLDSMITH, PATRICK PH#: 803-246-1578",SCADMIN@ACTIVEDAY.COM,,ADC-0540 / 01/31/2026,Lancaster / Corporation,,,,,ACTIVE SC ONE INC,520550.607,3841913.298
14792,NY'S ADULT DAYCARE,21 GARDEN AVE,GEORGETOWN,SC,29440,843-461-4134,"BROWN, NYAIZHA PH#: 843-461-4134",GRAHAMCOLLINSADC@GMAIL.COM,,ADC-0458 / 06/30/2026,Georgetown / Limited Liability,,,,,NY'S ADULT DAYCARE LLC,659256.348,3697781.339
14849,ELITE DAY CENTER OF ROCK HILL,359 PARK AVE,ROCK HILL,SC,29730,864-869-8730,"GARCIA, DANEA PH#: 864-869-8730",ADMINISTRATOR.ROCKHILL@ELITEHOMECARESC,,ADC-0534 / 06/30/2026,York / Limited Liability,,,,,ELITE HOMECARE LLC,497383.523,3865750.593
14858,ELITE DAY CENTER OF CHARLESTON,7445 CROSS COUNTY RD,NORTH CHARLESTON,SC,29418,864-869-8730,"DIMARTINO, TAMMY PH#: 864-869-8730",ADMINISTRATOR.CHARLESTON@ELITEHOMECARESC,,ADC-0529 / 06/30/2026,Charleston / Limited Liability,,,,,ELITE HOMECARE LLC,586731.404,3643713.262
